Nom scientifique,Raison
Achillea millefolium,Erreur téléchargement
Actaea racemosa,Erreur téléchargement
Aesculus hippocastanum,Erreur téléchargement
Agrimonia eupatoria,Erreur téléchargement
Althaea officinalis,Erreur téléchargement
Artemisia absinthium,Erreur téléchargement
Avena sativa,Erreur téléchargement
Betula pendula,Erreur téléchargement
Camellia sinensis,Erreur téléchargement
Capsella bursa-pastoris,Erreur téléchargement
Carum carvi,Erreur téléchargement
Centaurium erythraea,Erreur téléchargement
Cetraria islandica,Erreur téléchargement
Cichorium intybus,Erreur téléchargement
Cinnamomum verum,Erreur téléchargement
Cola acuminata,Erreur téléchargement
Curcuma xanthorrhiza,Erreur téléchargement
Echinacea angustifolia,Erreur téléchargement
Echinacea pallida,Erreur téléchargement
Elymus repens,Erreur téléchargement
Epilobium angustifolium,Erreur téléchargement
Equisetum arvense,Erreur téléchargement
Eucalyptus globulus,Erreur téléchargement
Foeniculum vulgare,Erreur téléchargement
Frangula alnus,Erreur téléchargement
Frangula purshiana,Erreur téléchargement
Fraxinus excelsior,Erreur téléchargement
Fucus vesiculosus,Erreur téléchargement
Gentiana lutea,Erreur téléchargement
Glycyrrhiza glabra,Erreur téléchargement
Grindelia robusta,Erreur téléchargement
Harpagophytum procumbens,Erreur téléchargement
Hedera helix,Erreur téléchargement
Helichrysum arenarium,Erreur téléchargement
Hieracium pilosella,Erreur téléchargement
Humulus lupulus,Erreur téléchargement
Hypericum perforatum,Erreur téléchargement
Juniperus communis,Erreur téléchargement
Leonurus cardiaca,Erreur téléchargement
Levisticum officinale,Erreur téléchargement
Linum usitatissimum,Erreur téléchargement
Melilotus officinalis,Erreur téléchargement
Melissa officinalis,Erreur téléchargement
Mentha piperita,Erreur téléchargement
Olea europaea,Erreur téléchargement
Ononis spinosa,Erreur téléchargement
Origanum dictamnus,Erreur téléchargement
Origanum majorana,Erreur téléchargement
Orthosiphon aristatus,Erreur téléchargement
Paullinia cupana,Erreur téléchargement
Pelargonium sidoides,Erreur téléchargement
Peumus boldus,Erreur téléchargement
Phaseolus vulgaris,Erreur téléchargement
Pimpinella anisum,Erreur téléchargement
Plantago afra,Erreur téléchargement
Plantago lanceolata,Erreur téléchargement
Polygonum aviculare,Erreur téléchargement
Prunus africana,Erreur téléchargement
Quercus robur,Erreur téléchargement
Rheum officinale,Erreur téléchargement
Rosmarinus officinalis,Erreur téléchargement
Rubus idaeus,Erreur téléchargement
Salix purpurea,Erreur téléchargement
Sambucus nigra,Aucune image sous licence commerciale
Rhodiola rosea,Erreur téléchargement
Senna alexandrina,Erreur téléchargement
Sideritis scardica,Erreur téléchargement
Silybum marianum,Erreur téléchargement
Solidago virgaurea,Erreur téléchargement
Thymus vulgaris,Erreur téléchargement
Thymus zygis,Erreur téléchargement
Tilia cordata,Erreur téléchargement
Valeriana officinalis,Erreur téléchargement
Verbascum densiflorum,Erreur téléchargement
Viola tricolor,Erreur téléchargement
Vitex agnus-castus,Erreur téléchargement
